@relation "fodors-zagat"

@attribute name string
@attribute addr string
@attribute city string
@attribute type string

@data
ID|#212-219-2777-49-|#212/ 219-2777-49-|#
type|#french bistro|#french|#
addr|#239 w. broadway|#239 w. broadway  between walker and white sts.|#
city|#new york city|#new york|#
name|#montrachet|#montrachet|#


ID|#212-223-5656-38-|#212/223-5656-38-|#
type|#french bistro|#american|#
addr|#160 e. 64th st.|#160 e. 64th st.|#
city|#new york city|#new york|#
name|#jo jo|#jo jo|#


ID|#212-243-4020-65-|#212/243-4020-65-|#
type|#american (new)|#american|#
addr|#21 e. 16th st.|#21 e. 16th st.|#
city|#new york city|#new york|#
name|#union square cafe|#union square cafe|#


ID|#212-245-2214-52-|#212/245-2214-52-|#
type|#russian|#french|#
addr|#182 w. 58th st.|#182 w. 58th st.|#
city|#new york city|#new york|#
name|#petrossian|#petrossian|#


ID|#212-260-6660-54-|#212/260-6660-54-|#
type|#seafood|#seafood|#
addr|#95 ave. a|#95 ave. a at 6th st.|#
city|#new york city|#new york|#
name|#pisces|#pisces|#


ID|#212-265-5959-57-|#212/265-5959-57-|#
type|#italian|#italian|#
addr|#240 central park s.|#240 central park s|#
city|#new york city|#new york|#
name|#san domenico|#san domenico|#


ID|#212-288-0033-31-|#212/288-0033-31-|#
type|#french (new)|#french|#
addr|#20 e. 76th st.|#20 e. 76th st.|#
city|#new york city|#new york|#
name|#daniel|#daniel|#


ID|#212-307-7311-24-|#212/307-7311-24-|#
type|#scandinavian|#continental|#
addr|#13 w. 54th st.|#13 w. 54th st.|#
city|#new york city|#new york|#
name|#aquavit|#aquavit|#


ID|#212-319-1660-25-|#212/ 319-1660-25-|#
type|#american (new)|#american|#
addr|#34 e. 61st st.|#34 e. 61st st.|#
city|#new york city|#new york|#
name|#aureole|#aureole|#


ID|#212-339-6719-43-|#212/339-6719-43-|#
type|#asian|#american|#
addr|#2 e. 55th st.|#2 e. 55th st.|#
city|#new york city|#new york|#
name|#lespinasse (new york city)|#lespinasse|#


ID|#212-355-7555-32-|#212/355-7555-32-|#
type|#indian|#asian|#
addr|#210 e. 58th st.|#210 e. 58th st.|#
city|#new york city|#new york|#
name|#dawat|#dawat|#


ID|#212-362-2200-28-|#212/362-2200-28-|#
type|#italian|#italian|#
addr|#2450 broadway|#2450 broadway  between 90th and 91st sts.|#
city|#new york city|#new york|#
name|#carmines|#carmines|#


ID|#212-371-7777-45-|#212/ 371-7777-45-|#
type|#seafood|#seafood|#
addr|#57 w. 58th st.|#57 w. 58th st.|#
city|#new york city|#new york|#
name|#manhattan ocean club|#manhattan ocean club|#


ID|#212-371-8844-60-|#212/371-8844-60-|#
type|#chinese|#asian|#
addr|#155 e. 55th st.|#43 w. 65th st.|#
city|#new york city|#new york|#
name|#shun lee palace|#shun lee west|#


ID|#212-477-0777-36-|#212/477-0777-36-|#
type|#american (new)|#american|#
addr|#42 e. 20th st.|#42 e. 20th st.  between park ave. s and broadway|#
city|#new york city|#new york|#
name|#gramercy tavern|#gramercy tavern|#


ID|#212-484-5113-42-|#212/484-5113-42-|#
type|#french (classic)|#french|#
addr|#155 w. 58th st.|#160 central park s|#
city|#new york city|#new york|#
name|#les celebrites|#les celebrites|#


ID|#212-489-1515-41-|#212/489-1515-41-|#
type|#seafood|#french|#
addr|#155 w. 51st st.|#155 w. 51st st.|#
city|#new york city|#new york|#
name|#le bernardin|#le bernardin|#


ID|#212-496-6031-26-|#212/496-6031-26-|#
type|#coffeehouses|#coffee bar|#
addr|#201 w. 83rd st.|#201 w. 83rd st.|#
city|#new york city|#new york|#
name|#cafe lalo|#cafe lalo|#


ID|#212-582-7200-23-|#212/582-7200-23-|#
type|#american (new)|#american|#
addr|#21 w. 52nd st.|#21 w. 52nd st.|#
city|#new york city|#new york|#
name|#21 club|#21 club|#


ID|#212-586-4252-39-|#212/586-4252-39-|#
type|#french (classic)|#french|#
addr|#33 w. 55th st.|#33 w. 55th st.|#
city|#new york city|#new york|#
name|#la caravelle|#la caravelle|#


ID|#212-620-4020-35-|#212/620-4020-35-|#
type|#american (new)|#american|#
addr|#12 e. 12th st.|#12 e. 12th st.|#
city|#new york city|#new york|#
name|#gotham bar & grill|#gotham bar & grill|#


ID|#212-627-8273-48-|#212/627-8273-48-|#
type|#mexican|#mexican|#
addr|#57 jane st.|#57 jane st.  off hudson st.|#
city|#new york city|#new york|#
name|#mi cocina|#mi cocina|#


ID|#212-632-5000-55-|#212/632-5000-55-|#
type|#american (new)|#or 212/632-5100 american|#
addr|#30 rockefeller plaza|#30 rockefeller plaza|#
city|#new york city|#new york|#
name|#rainbow room|#rainbow room|#


ID|#212-644-1900-51-|#212/644-1900-51-|#
type|#american (new)|#american|#
addr|#100 e. 63rd st.|#100 e. 63rd st.|#
city|#new york city|#new york|#
name|#park avenue cafe (new york city)|#park avenue cafe|#


ID|#212-677-0606-58-|#212/677-0606-58-|#
type|#delis|#delicatessen|#
addr|#156 second ave.|#156 2nd ave. at 10th st.|#
city|#new york city|#new york|#
name|#second avenue deli|#second avenue deli|#


ID|#212-688-6525-40-|#212/688-6525-40-|#
type|#french (classic)|#french|#
addr|#60 w. 55th st.|#60 w. 55th st.  between 5th and 6th ave.|#
city|#new york city|#new york|#
name|#la cote basque|#la cote basque|#


ID|#212-724-8585-53-|#212/724-8585-53-|#
type|#mediterranean|#mediterranean|#
addr|#35 w. 64th st.|#35 w. 64th st.|#
city|#new york city|#new york|#
name|#picholine|#picholine|#


ID|#212-752-2225-44-|#212/752-2225-44-|#
type|#french (classic)|#french|#
addr|#249 e. 50th st.|#249 e. 50th st.|#
city|#new york city|#new york|#
name|#lutece|#lutece|#


ID|#212-753-1530-62-|#212/753-1530-62-|#
type|#steakhouses|#american|#
addr|#797 third ave.|#201 e. 49th st.|#
city|#new york city|#new york|#
name|#smith & wollensky|#smith & wollensky|#


ID|#212-754-6272-46-|#212/754-6272-46-|#
type|#american (new)|#american|#
addr|#405 e. 58th st.|#405 e. 58th st.|#
city|#new york city|#new york|#
name|#march|#march|#


ID|#212-754-9494-34-|#212/754-9494-34-|#
type|#american (new)|#american|#
addr|#99 e. 52nd st.|#99 e. 52nd st.|#
city|#new york city|#new york|#
name|#four seasons|#four seasons grill room|#


ID|#212-757-2245-29-|#212/757-2245-29-|#
type|#delis|#delicatessen|#
addr|#854 seventh ave.|#854 7th ave.  between 54th and 55th sts.|#
city|#new york city|#new york|#
name|#carnegie deli|#carnegie deli|#


ID|#212-758-1479-33-|#212/758-1479-33-|#
type|#italian|#italian|#
addr|#243 e. 58th st.|#243 e. 58th st.|#
city|#new york city|#new york|#
name|#felidia|#felidia|#


ID|#212-759-5941-50-|#212/759-5941-50-|#
type|#seafood|#seafood|#
addr|#55 e. 54th st.|#55 e. 54th st.|#
city|#new york city|#new york|#
name|#oceana|#oceana|#


ID|#212-765-1737-37-|#212/765-1737-37-|#
type|#caribbean|#tel caribbean|#
addr|#402 w. 44th st.|#402 w. 44th st.|#
city|#new york city|#new york|#
name|#island spice|#island spice|#


ID|#212-807-7400-47-|#212/807-7400-47-|#
type|#southwestern|#american|#
addr|#102 fifth ave.|#102 5th ave.  between 15th and 16th sts.|#
city|#new york city|#new york|#
name|#mesa grill|#mesa grill|#


ID|#212-861-8080-61-|#212/861-8080-61-|#
type|#american (new)|#american|#
addr|#1110 third ave.|#1110 3rd ave. at 65th st.|#
city|#new york city|#new york|#
name|#sign of the dove|#sign of the dove|#


ID|#212-873-3200-63-|#212/873-3200-63-|#
type|#american (new)|#american|#
addr|#central park west|#in central park at 67th st.|#
city|#new york city|#new york|#
name|#tavern on the green|#tavern on the green|#


ID|#212-877-3500-27-|#212/877-3500-27-|#
type|#french (classic)|#continental|#
addr|#1 w. 67th st.|#1 w. 67th st.|#
city|#new york city|#new york|#
name|#cafe des artistes|#cafe des artistes|#


ID|#212-921-9494-66-|#212/ 921-9494-66-|#
type|#bbq|#american|#
addr|#152 w. 44th st.|#152 w. 44th st.|#
city|#new york city|#new york|#
name|#virgils real bbq|#virgils|#


ID|#212-966-6960-30-|#212/966-6960-30-|#
type|#french (new)|#american|#
addr|#2 harrison st.|#2 harrison st.  near hudson st.|#
city|#new york city|#new york|#
name|#chanterelle|#chanterelle|#


ID|#212-980-9393-59-|#212/980-9393-59-|#
type|#japanese|#asian|#
addr|#11 e. 53rd st.|#11 e. 53rd st.|#
city|#new york city|#new york|#
name|#seryna|#seryna|#


ID|#213-467-1108-16-|#213/467-1108-16-|#
type|#californian|#californian|#
addr|#5955 melrose ave.|#5955 melrose ave.|#
city|#los angeles|#los angeles|#
name|#patina|#patina|#


ID|#213-627-2300-19-|#213/627-2300-19-|#
type|#nuova cucina italian|#italian|#
addr|#617 s. olive st.|#617 s. olive st.|#
city|#los angeles|#los angeles|#
name|#rex il ristorante|#rex il ristorante|#


ID|#213-628-3781-17-|#213/628-3781-17-|#
type|#cafeterias|#american|#
addr|#1001 n. alameda st.|#1001 n. alameda st.|#
city|#chinatown|#los angeles|#
name|#philippe the original|#philippes the original|#


ID|#213-655-8880-12-|#213/655-8880-12-|#
type|#french bistro|#french|#
addr|#8284 melrose ave.|#8284 melrose ave.|#
city|#los angeles|#los angeles|#
name|#le chardonnay (los angeles)|#le chardonnay|#


ID|#213-665-1891-10-|#213/665-1891-10-|#
type|#japanese|#asian|#
addr|#1972 hillhurst ave.|#1972 n. hillhurst ave.|#
city|#los feliz|#los angeles|#
name|#katsu|#restaurant katsu|#


ID|#213-848-6677-7-|#213/848-6677-7-|#
type|#french (new)|#american|#
addr|#8358 sunset blvd.|#8358 sunset blvd. west|#
city|#w. hollywood|#hollywood|#
name|#fenix at the argyle|#fenix|#


ID|#213-857-0034-6-|#213/857-0034-6-|#
type|#californian|#californian|#
addr|#6703 melrose ave.|#6703 melrose ave.|#
city|#los angeles|#los angeles|#
name|#citrus|#citrus|#


ID|#213-938-1447-4-|#213/938-1447-4-|#
type|#californian|#american|#
addr|#624 s. la brea ave.|#624 s. la brea ave.|#
city|#los angeles|#los angeles|#
name|#campanile|#campanile|#


ID|#310-246-1501-0-|#310/246-1501-0-|#
type|#steakhouses|#american|#
addr|#435 s. la cienega blvd.|#435 s. la cienega blv.|#
city|#los angeles|#los angeles|#
name|#arnie mortons of chicago|#arnie mortons of chicago|#


ID|#310-274-1893-13-|#310/274-1893-13-|#
type|#italian|#italian|#
addr|#8638 w. third st.|#3rd st.|#
city|#los angeles|#los angeles|#
name|#locanda veneta|#locanda veneta|#


ID|#310-276-0615-9-|#310/276-0615-9-|#
type|#american (traditional)|#american|#
addr|#9560 dayton way|#9560 dayton way|#
city|#beverly hills|#los angeles|#
name|#grill  the|#grill on the alley|#


ID|#310-392-9025-5-|#310/392-9025-5-|#
type|#pacific new wave|#french|#
addr|#2709 main st.|#2709 main st.|#
city|#santa monica|#santa monica|#
name|#chinois on main|#chinois on main|#


ID|#310-456-0488-8-|#310/456-0488-8-|#
type|#californian|#californian|#
addr|#23725 w. malibu rd.|#23725 w. malibu rd.|#
city|#malibu|#malibu|#
name|#granita|#granita|#


ID|#310-472-1211-2-|#310/472-1211-2-|#
type|#californian|#californian|#
addr|#701 stone canyon rd.|#701 stone canyon rd.|#
city|#bel air|#bel air|#
name|#bel-air hotel|#hotel bel-air|#


ID|#310-550-8811-15-|#310/550-8811-15-|#
type|#steakhouses|#american|#
addr|#9001 santa monica blvd.|#9001 santa monica blvd.|#
city|#w. hollywood|#los angeles|#
name|#palm  the (los angeles)|#the palm|#


ID|#310-652-4025-20-|#310/652-4025-20-|#
type|#californian|#californian|#
addr|#8795 sunset blvd.|#1114 horn ave.|#
city|#w. hollywood|#los angeles|#
name|#spago (los angeles)|#spago|#


ID|#310-652-9770-11-|#310/652-9770-11-|#
type|#french (classic)|#french|#
addr|#903 n. la cienega blvd.|#903 n. la cienega blvd.|#
city|#w. hollywood|#los angeles|#
name|#lorangerie|#lorangerie|#


ID|#310-659-9639-14-|#310/659-9639-14-|#
type|#seafood|#asian|#
addr|#129 n. la cienega blvd.|#129 n. la cienega blvd.|#
city|#beverly hills|#beverly hills|#
name|#matsuhisa|#matsuhisa|#


ID|#310-829-4313-21-|#310/829-4313-21-|#
type|#italian|#italian|#
addr|#3115 pico blvd.|#3115 pico blvd.|#
city|#santa monica|#santa monica|#
name|#valentino|#valentino|#


ID|#404-221-6362-87-|#404/221-6362-87-|#
type|#continental|#continental|#
addr|#255 courtland st.|#255 courtland st.  at harris st.|#
city|#atlanta|#atlanta|#
name|#nikolais roof|#nikolais roof|#


ID|#404-231-1368-85-|#404/231-1368-85-|#
type|#italian|#italian|#
addr|#2637 peachtree rd. ne|#2637 peachtree rd.  peachtree house condominium|#
city|#atlanta|#atlanta|#
name|#la grotta|#la grotta|#


ID|#404-233-7673-82-|#404/233-7673-82-|#
type|#continental|#international|#
addr|#490 e. paces ferry rd. ne|#490 e. paces ferry rd.|#
city|#atlanta|#atlanta|#
name|#hedgerose heights inn  the|#hedgerose heights inn|#


ID|#404-237-2663-76-|#404/237-2663-76-|#
type|#steakhouses|#american|#
addr|#3130 piedmont rd. ne|#3130 piedmont road|#
city|#atlanta|#atlanta|#
name|#bones restaurant|#bones|#


ID|#404-237-2700-89-|#404/237-2700-89-|#
type|#american (new)|#ext 6108 international|#
addr|#3434 peachtree rd. ne|#3434 peachtree rd.|#
city|#atlanta|#atlanta|#
name|#ritz-carlton cafe (buckhead)|#cafe  ritz-carlton  buckhead|#


ID|#404-237-2700-90-|#404/237-2700-90-|#
type|#american (new)|#international|#
addr|#3434 peachtree rd. ne|#3434 peachtree rd.|#
city|#atlanta|#atlanta|#
name|#ritz-carlton dining room (buckhead)|#dining room  ritz-carlton  buckhead|#


ID|#404-261-3662-88-|#404/261-3662-88-|#
type|#american (new)|#international|#
addr|#1232 w. paces ferry rd.|#1232 w. paces ferry rd.|#
city|#atlanta|#atlanta|#
name|#panos & pauls|#panos and pauls|#


ID|#404-261-8186-74-|#404/261-8186-74-|#
type|#italian|#italian|#
addr|#2355 peachtree rd. ne|#2355 peachtree rd.  peachtree battle shopping center|#
city|#atlanta|#atlanta|#
name|#abruzzi|#abruzzi|#


ID|#404-262-3336-78-|#404/262-3336-78-|#
type|#american (new)|#american|#
addr|#3073 piedmont rd.|#3073 piedmont road|#
city|#atlanta|#atlanta|#
name|#buckhead diner|#buckhead diner|#


ID|#404-266-1440-77-|#404/266-1440-77-|#
type|#french bistro|#french|#
addr|#3393 peachtree rd.|#3393 peachtree rd.  lenox square mall  near neiman marcus|#
city|#atlanta|#atlanta|#
name|#brasserie le coze|#brasserie le coze|#


ID|#404-351-9533-92-|#404/351-9533-92-|#
type|#french (new)|#french|#
addr|#293-b peachtree rd.|#b peachtree rd.|#
city|#atlanta|#atlanta|#
name|#toulouse|#toulouse|#


ID|#404-352-3517-81-|#404/352-3517-81-|#
type|#southwestern|#american|#
addr|#2290 peachtree rd.|#2290 peachtree rd.  peachtree square shopping center|#
city|#atlanta|#atlanta|#
name|#georgia grille|#georgia grille|#


ID|#404-365-0410-75-|#404/365-0410-75-|#
type|#californian|#international|#
addr|#3125 piedmont rd.|#3125 piedmont rd.  near peachtree rd.|#
city|#atlanta|#atlanta|#
name|#bacchanalia|#bacchanalia|#


ID|#404-659-0400-91-|#404/659-0400-91-|#
type|#french (classic)|#continental|#
addr|#181 peachtree st.|#181 peachtree st.|#
city|#atlanta|#atlanta|#
name|#ritz-carlton restaurant|#restaurant  ritz-carlton  atlanta|#


ID|#404-681-2909-80-|#404/681-2909-80-|#
type|#cafeterias|#american|#
addr|#1 margaret mitchell sq.|#1 margaret mitchell sq.|#
city|#atlanta|#atlanta|#
name|#delectables|#delectables|#


ID|#404-874-7600-79-|#404/874-7600-79-|#
type|#french (new)|#french|#
addr|#1529 piedmont ave.|#1529 piedmont ave.|#
city|#atlanta|#atlanta|#
name|#ciboulette restaurant|#ciboulette|#


ID|#404-875-8424-93-|#404/875-8424-93-|#
type|#italian|#italian|#
addr|#41 14th st.|#41 14th st.|#
city|#atlanta|#atlanta|#
name|#veni vidi vici|#veni vidi vici|#


ID|#404-876-0676-84-|#404/876-0676-84-|#
type|#eclectic|#caribbean|#
addr|#1397 n. highland ave.|#1397 n. highland ave.|#
city|#atlanta|#atlanta|#
name|#indigo coastal grill|#indigo coastal grill|#


ID|#404-876-1800-86-|#404/876-1800-86-|#
type|#southern/soul|#southern|#
addr|#224 ponce de leon ave.|#224 ponce de leon ave.|#
city|#atlanta|#atlanta|#
name|#mary macs tea room|#mary macs tea room|#


ID|#404-876-4408-83-|#404/876-4408-83-|#
type|#indian|#asian|#
addr|#595 piedmont ave.|#595 piedmont ave.  rio shopping mall|#
city|#atlanta|#atlanta|#
name|#heera of india|#heera of india|#


ID|#415-296-7465-110-|#415/296-7465-110-|#
type|#french (new)|#american|#
addr|#600 stockton st.|#600 stockton st.|#
city|#san francisco|#san francisco|#
name|#ritz-carlton dining room (san francisco)|#ritz-carlton restaurant and dining room|#


ID|#415-387-0408-94-|#415/387-0408-94-|#
type|#french (new)|#french|#
addr|#126 clement st.|#126 clement st.|#
city|#san francisco|#san francisco|#
name|#alain rondelli|#alain rondelli|#


ID|#415-392-3505-97-|#415/392-3505-97-|#
type|#french bistro|#french|#
addr|#7 claude ln.|#7 claude la.|#
city|#san francisco|#san francisco|#
name|#cafe claude|#cafe claude|#


ID|#415-399-0499-111-|#415/399-0499-111-|#
type|#italian|#italian|#
addr|#532 columbus ave.|#532 columbus ave.|#
city|#san francisco|#san francisco|#
name|#rose pistola|#rose pistola|#


ID|#415-495-5775-105-|#415/495-5775-105-|#
type|#mediterranean|#mediterranean|#
addr|#816 folsom st.|#816 folsom st.|#
city|#san francisco|#san francisco|#
name|#lulu restaurant-bis-cafe|#lulu|#


ID|#415-543-0573-101-|#415/543-0573-101-|#
type|#french bistro|#french|#
addr|#570 fourth st.|#570 4th st.|#
city|#san francisco|#san francisco|#
name|#fringale|#fringale|#


ID|#415-543-6084-96-|#415/543-6084-96-|#
type|#american (new)|#american|#
addr|#1 mission st.|#1 mission st.|#
city|#san francisco|#san francisco|#
name|#boulevard|#boulevard|#


ID|#415-563-4755-108-|#415/563-4755-108-|#
type|#american (new)|#mediterranean|#
addr|#3127 fillmore st.|#3201 fillmore st.|#
city|#san francisco|#san francisco|#
name|#plumpjack cafe|#plumpjack cafe|#


ID|#415-668-6654-103-|#415/668-6654-103-|#
type|#thai|#asian|#
addr|#5937 geary blvd.|#5937 geary blvd.|#
city|#san francisco|#san francisco|#
name|#khan toke thai house|#khan toke thai house|#


ID|#415-673-7779-100-|#415/673-7779-100-|#
type|#french (new)|#french|#
addr|#777 sutter st.|#777 sutter st.|#
city|#san francisco|#san francisco|#
name|#fleur de lys|#fleur de lys|#


ID|#415-775-7036-99-|#415/775-7036-99-|#
type|#californian|#french|#
addr|#804 north point st.|#804 northpoint|#
city|#san francisco|#san francisco|#
name|#chez michel|#chez michel|#


ID|#415-776-5577-104-|#415/776-5577-104-|#
type|#french (new)|#french|#
addr|#2316 polk st.|#2316 polk st.|#
city|#san francisco|#san francisco|#
name|#la folie|#la folie|#


ID|#415-776-7825-109-|#415/776-7825-109-|#
type|#californian|#american|#
addr|#545 post st.|#545 post st.|#
city|#san francisco|#san francisco|#
name|#postrio|#postrio|#


ID|#415-777-9779-102-|#415/777-9779-102-|#
type|#californian|#american|#
addr|#22 hawthorne st.|#22 hawthorne st.|#
city|#san francisco|#san francisco|#
name|#hawthorne lane|#hawthorne lane|#


ID|#415-922-0337-107-|#415/922-0337-107-|#
type|#japanese|#asian|#
addr|#1737 post st.|#1737 post st.|#
city|#san francisco|#san francisco|#
name|#mifune|#mifune japan center  kintetsu building|#


ID|#415-955-5555-98-|#415/955-5555-98-|#
type|#american (new)|#american|#
addr|#340 stockton st.|#340 stockton st.|#
city|#san francisco|#san francisco|#
name|#campton place|#campton place|#


ID|#415-956-9662-95-|#415/956-9662-95-|#
type|#american (new)|#seafood|#
addr|#252 california st.|#252 california st.|#
city|#san francisco|#san francisco|#
name|#aqua|#aqua|#


ID|#415-989-7154-106-|#415/989-7154-106-|#
type|#french (new)|#french|#
addr|#648 bush st.|#648 bush st.|#
city|#san francisco|#san francisco|#
name|#masas|#masas|#


ID|#702-731-4036-73-|#702/731-4036-73-|#
type|#steakhouses|#seafood|#
addr|#2245 e. flamingo rd.|#2245 e. flamingo rd.|#
city|#las vegas|#las vegas|#
name|#tillerman  the|#tillerman|#


ID|#702-733-8899-67-|#702/733-8899-67-|#
type|#chinese|#asian|#
addr|#3200 las vegas blvd. s.|#3200 las vegas blvd. s|#
city|#las vegas|#las vegas|#
name|#chins|#chins|#


ID|#702-734-0410-72-|#702/734-0410-72-|#
type|#steakhouses|#steak houses|#
addr|#2880 las vegas blvd. s.|#2880 las vegas blvd. s|#
city|#las vegas|#las vegas|#
name|#steak house  the|#steak house|#


ID|#702-891-7349-68-|#702/891-7349-68-|#
type|#southwestern|#southwestern|#
addr|#3799 las vegas blvd. s.|#3799 las vegas blvd. s|#
city|#las vegas|#las vegas|#
name|#coyote cafe (las vegas)|#coyote cafe|#


ID|#718-522-5200-56-|#718/522-5200-56-|#
type|#american (new)|#american|#
addr|#1 water st.|#1 water st. at the east river|#
city|#brooklyn|#brooklyn|#
name|#river cafe|#river cafe|#


ID|#818-585-0855-22-|#818/585-0855-22-|#
type|#chinese|#asian|#
addr|#67 n. raymond ave.|#67 n. raymond ave.|#
city|#pasadena|#los angeles|#
name|#yujean kangs|#yujean kangs gourmet chinese cuisine|#


ID|#818-762-1221-1-|#818/762-1221-1-|#
type|#delis|#american|#
addr|#12224 ventura blvd.|#12224 ventura blvd.|#
city|#studio city|#studio city|#
name|#arts deli|#arts delicatessen|#


ID|#818-788-3536-3-|#818/788-3536-3-|#
type|#french bistro|#french|#
addr|#14016 ventura blvd.|#14016 ventura blvd.|#
city|#sherman oaks|#sherman oaks|#
name|#cafe bizou|#cafe bizou|#

ID|#818-990-0500-18-|#818/990-0500-18-|#
type|#french bistro|#french|#
addr|#12969 ventura blvd.|#12969 ventura blvd.|#
city|#studio city|#los angeles|#
name|#pinot bistro|#pinot bistro|#

ID|#212-245-7992-64-|#212/315-1726-64-|#
type|#greek|#mediterranean|#
addr|#747 ninth ave.|#747 9th ave.  between 50th and 51st sts.|#
city|#new york city|#new york|#
name|#uncle nicks|#uncle nicks|#

ID|#702-385-6277-71-|#702/385-3232-71-|#
type|#pacific rim|#seafood|#
addr|#200 e. fremont st.|#200 e. fremont st.|#
city|#las vegas|#las vegas|#
name|#second street grill|#second street grille|#

ID|#702-731-7110-70-|#702/731-7547-70-|#
type|#french (new)|#continental|#
addr|#3570 las vegas blvd. s.|#3570 las vegas blvd. s|#
city|#las vegas|#las vegas|#
name|#palace court|#palace court|#

ID|#702-732-5651-69-|#702/732-5111-69-|#
type|#french bistro|#continental|#
addr|#3000 paradise rd.|#3000 w. paradise rd.|#
city|#las vegas|#las vegas|#
name|#le montrachet bistro|#le montrachet|#


